Timestamp,URL,Alert Type,Category,Detected Categories,Column 1,Detected Keywords
2025-07-03 11:11:39,https://www.theguardian.com/world/2025/jul/03/bali-ferry-sinking-indonesia,Website Aman Mengandung Konten Negatif,Aman,"pornografi, judi, kasar","{'pornografi': ['sex'], 'judi': ['anchor'], 'kasar': ['sex', 'killing']}",
2025-07-03 11:11:42,https://www.reddit.com/r/travel/,Website Diblokir,Website Diblokir Kominfo,,"{'pornografi': [], 'judi': [], 'kasar': []}",
2025-07-03 20:11:45,https://www.reddit.com/r/travel/,Website Diblokir,Website Diblokir Kominfo,,"{'pornografi': [], 'judi': [], 'kasar': []}",
2025-07-03 20:13:22,https://www.bbc.com/indonesia/articles/cx2npkkg9pgo.amp,Website Aman Mengandung Konten Negatif,Aman,kasar,"{'pornografi': [], 'judi': [], 'kasar': ['anjing', 'mati', 'mati']}",
2025-07-03 20:20:59,https://www.independent.co.uk/sport/football/diogo-jota-dead-crash-liverpool-age-b2781772.html,Website Aman Mengandung Konten Negatif,Aman,"pornografi, judi, kasar","{'pornografi': ['sex'], 'judi': ['casino', 'under', 'slot', 'under'], 'kasar': ['sex']}",
2025-07-03 20:23:47,https://www.kompas.com/,Website Aman Mengandung Konten Negatif,Aman,"judi, kasar","{'pornografi': [], 'judi': ['judi'], 'kasar': ['sampah', 'mati']}",
2025-07-04 19:24:08,https://www.kompas.com/stori/read/2022/07/18/141000379/legenda-asal-usul-selat-bali,Website Aman Mengandung Konten Negatif,Aman,"pornografi, judi, kasar","{'pornografi': ['perkosa'], 'judi': ['judi', 'judi', 'judi'], 'kasar': ['gila', 'bunuh']}",
2025-07-04 19:31:11,https://www.fimela.com/lifestyle/read/5465524/penyebab-kucing-buang-air-besar-sembarangan-yang-harus-diketahui,Website Aman Mengandung Konten Negatif,Aman,kasar,"{'pornografi': [], 'judi': [], 'kasar': ['bau', 'sampah', 'bau', 'bau']}",
2025-07-04 19:40:58,https://www.orami.co.id/magazine/bahasa-tubuh-kucing,Website Aman Mengandung Konten Negatif,Aman,"pornografi, kasar","{'pornografi': ['kawin', 'jilat', 'jilat', 'jilat', 'kawin'], 'judi': [], 'kasar': ['anjing', 'jilat', 'bau', 'bau', 'bau', 'jilat', 'jilat', 'ludah', 'bau']}",
2025-07-05 21:19:27,https://www.kompas.com/edu/read/2025/07/03/190200871/siswa-sekolah-favorit-tidak-lolos-jalur-ppkb-ui-ini-penjelasan-rektor,Website Aman Mengandung Konten Negatif,Aman,"pornografi, kasar","{'pornografi': ['cabul'], 'judi': [], 'kasar': ['anjing']}",
2025-07-05 21:31:11,https://bobo.grid.id/read/083798721/5-daftar-smp-negeri-terbaik-di-bekasi-adakah-sekolah-pilihanmu?,Website Aman Mengandung Konten Negatif,Aman,pornografi,"{'pornografi': ['hot'], 'judi': [], 'kasar': []}",
2025-07-05 21:31:41,https://www.kgnow.com/watch/1668375/kejutan-dari-negeri-dongeng-edisi-koleksi-oki-nirmala?,Website Aman Mengandung Konten Negatif,Aman,"pornografi, kasar","{'pornografi': ['porno', 'asusila', 'leceh'], 'judi': [], 'kasar': ['porno', 'sarap']}",
2025-07-06 15:00:38,https://www.traveloka.com/id-id?,Website Aman Mengandung Konten Negatif,Aman,"judi, kasar","{'pornografi': [], 'judi': ['bandar'], 'kasar': ['haram']}",
2025-07-06 15:14:22,https://sport.detik.com/sepakbola/liga-inggris/d-7997867/ruben-neves-antar-jota-ke-tempat-istirahat-terakhirnya/amp,Website Aman Mengandung Konten Negatif,Aman,kasar,"{'pornografi': [], 'judi': [], 'kasar': ['gila']}",
2025-07-06 15:14:25,https://www.reddit.com/,Website Diblokir,Website Diblokir Kominfo,,"{'pornografi': [], 'judi': [], 'kasar': []}",
2025-07-06 15:17:06,https://archive.org/,Website Diblokir,Website Diblokir Kominfo,,"{'pornografi': [], 'judi': [], 'kasar': []}",
2025-07-06 15:23:55,https://www.omegle.fun/,Website Diblokir,Website Diblokir Kominfo,,"{'pornografi': [], 'judi': [], 'kasar': []}",
2025-07-06 15:24:23,https://www.tumblr.com/,Website Diblokir,Website Diblokir Kominfo,,"{'pornografi': [], 'judi': [], 'kasar': []}",
2025-07-06 15:24:50,https://stake.com/,Website Diblokir,Website Diblokir Kominfo,judi,"{'pornografi': [], 'judi': ['stake'], 'kasar': []}",
2025-07-06 15:25:18,https://www.bet365.ee/,Website Diblokir,Website Diblokir Kominfo,,"{'pornografi': [], 'judi': [], 'kasar': []}",
2025-07-06 15:25:21,https://www.bet365.bet.br/,Website Diblokir,Website Diblokir Kominfo,judi,"{'pornografi': [], 'judi': ['bet'], 'kasar': []}",
2025-07-06 15:25:23,https://www.bet365.com.cy/,Website Diblokir,Website Diblokir Kominfo,,"{'pornografi': [], 'judi': [], 'kasar': []}",
2025-07-06 15:25:24,https://www.williamhill.com/,Website Diblokir,Judi Online,,"{'pornografi': [], 'judi': [], 'kasar': []}",
2025-07-06 15:25:31,https://sports.ladbrokes.com/,Website Diblokir,Judi Online,,"{'pornografi': [], 'judi': [], 'kasar': []}",
2025-07-06 15:25:33,https://sports.ladbrokes.com/sport/football,Website Diblokir,Judi Online,,"{'pornografi': [], 'judi': [], 'kasar': []}",
2025-07-06 15:25:34,https://zyngapoker.com/,Website Diblokir,Judi Online,,"{'pornografi': [], 'judi': [], 'kasar': []}",
2025-07-06 15:25:48,https://m.betking.com/,Website Diblokir,Website Diblokir Kominfo,,"{'pornografi': [], 'judi': [], 'kasar': []}",
2025-07-06 15:26:55,https://www.sportybet.com/ng/m,Website Diblokir,Judi Online,,"{'pornografi': [], 'judi': [], 'kasar': []}",
2025-07-06 15:26:57,https://www.sportybet.com/ng/m/,Website Diblokir,Judi Online,,"{'pornografi': [], 'judi': [], 'kasar': []}",
2025-07-06 15:27:18,https://gamdom.com/,Website Diblokir,Judi Online,,"{'pornografi': [], 'judi': [], 'kasar': []}",
2025-07-06 15:27:22,https://gamdom.com/socket.io/?,Website Diblokir,Judi Online,,"{'pornografi': [], 'judi': [], 'kasar': []}",
2025-07-06 15:27:51,https://lu88.com/,Website Diblokir,Website Diblokir Kominfo,,"{'pornografi': [], 'judi': [], 'kasar': []}",
2025-07-06 15:28:22,https://www.betano.co.uk/,Website Diblokir,Website Diblokir Kominfo,,"{'pornografi': [], 'judi': [], 'kasar': []}",
2025-07-06 15:29:08,https://net88.co/,Website Diblokir,Website Diblokir Kominfo,pornografi,"{'pornografi': ['syur', 'syur', 'syur', 'syur', 'syur', 'syur', 'syur', 'syur', 'syur', 'syur'], 'judi': [], 'kasar': []}",
2025-07-06 15:29:10,https://net88.co/wp-content/plugins/litespeed-cache/guest.vary.php,Website Diblokir,Website Diblokir Kominfo,,"{'pornografi': [], 'judi': [], 'kasar': []}",
2025-07-06 16:11:43,https://m.detik.com/,Website Aman Mengandung Konten Negatif,Aman,"pornografi, kasar","{'pornografi': ['prostitusi'], 'judi': [], 'kasar': ['bunuh', 'gila', 'bunuh', 'bunuh', 'bunuh', 'bunuh', 'bunuh']}",
2025-07-06 16:24:10,https://www.cnnindonesia.com/teknologi/20250705112823-199-1247177/rotasi-bumi-lebih-cepat-hingga-agustus-2025-ini-dampaknya,Website Aman Mengandung Konten Negatif,Aman,kasar,"{'pornografi': [], 'judi': [], 'kasar': ['babi']}",
2025-07-06 16:25:42,https://lapakakungacor.com/,Website Aman Mengandung Konten Negatif,Aman,"pornografi, judi","{'pornografi': ['hot'], 'judi': ['slot', 'gacor', 'rtp', 'gacor', 'slot', 'gacor'], 'kasar': []}",
2025-07-06 16:27:56,https://www.kompas.com/tren/read/2023/05/02/161500165/benarkah-kucing-bisa-melihat-hantu-berikut-penjelasannya?,Website Aman Mengandung Konten Negatif,Aman,kasar,"{'pornografi': [], 'judi': [], 'kasar': ['anjing']}",
2025-07-06 16:46:15,https://www.kompas.com/tren/read/2025/07/05/173000465/kakek-82-tahun-asal-china-wariskan-apartemen-dan-tabungan-bagi-pengasuh?,Website Aman Mengandung Konten Negatif,Aman,kasar,"{'pornografi': [], 'judi': [], 'kasar': ['bau']}",
2025-07-06 16:47:59,https://www.bloombergtechnoz.com/detail-news/76269/kembalinya-blackpink-bawa-harapan-baru-untuk-yg-entertainment,Website Aman Mengandung Konten Negatif,Aman,kasar,"{'pornografi': [], 'judi': [], 'kasar': ['sampah']}",