Timestamp,Device IP,URL,Domain ,Status,Domain Status,Domain Category,Content Status,Detected Content,Is Safe,Column 1,Column 2
2025-07-02 23:41:44,192.168.4.10,https://gspe1-ssl.ls.apple.com/pep/gcc,apple,[SAFE] Aman,Aman,-,Aman,,TRUE,,
2025-07-02 23:55:15,192.168.4.10,https://gspe1-ssl.ls.apple.com/pep/gcc,apple,[SAFE] Aman,Aman,-,Aman,,TRUE,,
2025-07-03 11:06:35,192.168.4.10,https://gspe1-ssl.ls.apple.com/pep/gcc,apple,[SAFE] Aman,Aman,-,Aman,,TRUE,,
2025-07-03 11:09:33,192.168.4.10,https://www.bbc.com/news/articles/cew0yz5xw1no.amp,bbc,[SAFE] Aman,Aman,-,Aman,,TRUE,,
2025-07-03 11:11:39,192.168.4.10,https://www.theguardian.com/world/2025/jul/03/bali-ferry-sinking-indonesia,theguardian,"[WARNING] Aman tapi mengandung konten negatif (pornografi, judi, kasar)",Aman,-,Mengandung konten negatif,"pornografi, judi, kasar",FALSE,,
2025-07-03 11:11:41,192.168.4.10,https://sourcepoint.theguardian.com/index.html?,theguardian,[SAFE] Aman,Aman,-,Aman,,TRUE,,
2025-07-03 11:11:43,192.168.4.10,https://www.reddit.com/r/travel/,reddit,[DANGER] Berbahaya (domain diblokir - Website Diblokir Kominfo),Berbahaya,Website Diblokir Kominfo,Aman,,FALSE,,
2025-07-03 20:11:44,192.168.4.10,https://gspe1-ssl.ls.apple.com/pep/gcc,apple,[SAFE] Aman,Aman,-,Aman,,TRUE,,
2025-07-03 20:11:46,192.168.4.10,https://www.reddit.com/r/travel/,reddit,[DANGER] Berbahaya (domain diblokir - Website Diblokir Kominfo),Berbahaya,Website Diblokir Kominfo,Aman,,FALSE,,
2025-07-03 20:13:23,192.168.4.10,https://www.bbc.com/indonesia/articles/cx2npkkg9pgo.amp,bbc,[WARNING] Aman tapi mengandung konten negatif (kasar),Aman,-,Mengandung konten negatif,kasar,FALSE,,
2025-07-03 20:21:00,192.168.4.10,https://www.independent.co.uk/sport/football/diogo-jota-dead-crash-liverpool-age-b2781772.html,independent,"[WARNING] Aman tapi mengandung konten negatif (pornografi, judi, kasar)",Aman,-,Mengandung konten negatif,"pornografi, judi, kasar",FALSE,,
2025-07-03 20:21:07,192.168.4.10,https://datawrapper.dwcdn.net/LXbUI/1/,dwcdn,[SAFE] Aman,Aman,-,Aman,,TRUE,,
2025-07-03 20:21:08,192.168.4.10,https://static.independent.co.uk/iframe/native-cookiesync-frames.html,independent,[SAFE] Aman,Aman,-,Aman,,TRUE,,
2025-07-03 20:21:09,192.168.4.10,https://www.aljazeera.com/video/newsfeed/2025/7/2/israel-kills-gaza-hospital-director-and-his-family,aljazeera,[SAFE] Aman,Aman,-,Aman,,TRUE,,
2025-07-03 20:23:48,192.168.4.10,https://www.kompas.com/,kompas,"[WARNING] Aman tapi mengandung konten negatif (judi, kasar)",Aman,-,Mengandung konten negatif,"judi, kasar",FALSE,,
2025-07-03 20:23:49,192.168.4.10,https://kompasindonesia.api.useinsider.com/worker-new.html,useinsider,[SAFE] Aman,Aman,-,Aman,,TRUE,,
2025-07-03 20:23:50,192.168.4.10,https://www.kgnow.com/embed/1858953?,kgnow,[SAFE] Aman,Aman,-,Aman,,TRUE,,
2025-07-03 20:23:51,192.168.4.10,https://www.kgnow.com/embed/1858949?,kgnow,[SAFE] Aman,Aman,-,Aman,,TRUE,,
2025-07-03 20:23:52,192.168.4.10,https://www.kgnow.com/embed/1858945?,kgnow,[SAFE] Aman,Aman,-,Aman,,TRUE,,
2025-07-03 20:24:12,192.168.4.10,https://scripts.jixie.media/jx-load-cookie.html?,jixie,[SAFE] Aman,Aman,-,Aman,,TRUE,,
2025-07-03 20:25:03,192.168.4.10,https://megapolitan.kompas.com/read/2025/07/03/18154541/member-golds-gym-bikin-petisi-tuntut-pengelola-ganti-rugi?,kompas,[SAFE] Aman,Aman,-,Aman,,TRUE,,
2025-07-03 20:25:04,192.168.4.10,https://www.kgnow.com/embed/1858950?,kgnow,[SAFE] Aman,Aman,-,Aman,,TRUE,,
2025-07-03 20:25:05,192.168.4.10,https://widget.kompas.id/kompascom-related-article?,kompas,[SAFE] Aman,Aman,-,Aman,,TRUE,,
2025-07-03 20:26:01,192.168.4.10,https://bola.kompas.com/read/2025/07/03/18425518/kronologi-kecelakaan-mobil-diogo-jota-pecah-ban-saat-hendak-menyalip?,kompas,[SAFE] Aman,Aman,-,Aman,,TRUE,,
2025-07-03 20:26:45,192.168.4.10,https://www.cnnindonesia.com/ekonomi/20250701203538-92-1245794/golds-gym-dikabarkan-tutup-cabang-member-teriak-rp4-m-lenyap/amp,cnnindonesia,[SAFE] Aman,Aman,-,Aman,,TRUE,,
2025-07-03 20:26:47,192.168.4.10,https://d-552871572083561898.ampproject.net/2505300108000/frame.html,ampproject,[SAFE] Aman,Aman,-,Aman,,TRUE,,
2025-07-04 17:14:39,192.168.4.10,https://gspe1-ssl.ls.apple.com/pep/gcc,apple,[SAFE] Aman,Aman,-,Aman,,TRUE,,
2025-07-04 18:29:31,192.168.4.10,https://amp.cnn.com/cnn/2025/07/02/asia/bali-ferry-rescue-indonesia-intl-hnk,cnn,[WARNING] Aman tapi mengandung konten negatif (judi),Aman,-,Mengandung konten negatif,judi,FALSE,,
2025-07-04 18:29:32,192.168.4.10,https://us.cnn.com/amp-consent.html,cnn,[SAFE] Aman,Aman,-,Aman,,TRUE,,
2025-07-04 18:29:34,192.168.4.10,https://fave-api.cnn.com/v1/amp/?,cnn,[SAFE] Aman,Aman,-,Aman,,TRUE,,
2025-07-04 18:29:35,192.168.4.10,https://d-42821824522669522811.ampproject.net/2505300108000/frame.html,ampproject,[SAFE] Aman,Aman,-,Aman,,TRUE,,
2025-07-04 18:36:18,192.168.4.10,https://www.rockpapershotgun.com/poll/next?,rockpapershotgun,[SAFE] Aman,Aman,-,Aman,,TRUE,,
2025-07-04 18:38:36,192.168.4.10,https://www.microsoft.com/en-us/rewards/about,microsoft,[SAFE] Aman,Aman,-,Aman,,TRUE,,
2025-07-04 18:38:37,192.168.4.10,https://www.microsoft.com/store/buy/cartcount,microsoft,[SAFE] Aman,Aman,-,Aman,,TRUE,,
2025-07-04 19:17:16,192.168.4.92,https://lh3.google.com/u/0/ogw/AF2bZygq3MLDfq2aSx36YIJVIujgkO7Lx-JZyUw-e3_1SibLPg=s64-c-mo,google,[SAFE] Aman,Aman,-,Aman,,TRUE,,
2025-07-04 19:18:36,192.168.4.92,https://alamatsehat-com.cdn.ampproject.org/v/s/alamatsehat.com/tempat-pengobatan-alternatif-terapi-di-jakarta-timur/?,ampproject,[SAFE] Aman,Aman,-,Aman,,TRUE,,
2025-07-04 19:18:38,192.168.4.92,https://www.youtube.com/embed/?,youtube,[SAFE] Aman,Aman,-,Aman,,TRUE,,
2025-07-04 19:19:51,192.168.4.92,https://id.m.wikipedia.org/wiki/Selat_Bali,wikipedia,[SAFE] Aman,Aman,-,Aman,,TRUE,,
2025-07-04 19:20:10,192.168.4.92,https://id.m.wikipedia.org/wiki/Special:CentralAutoLogin/start?,wikipedia,[SAFE] Aman,Aman,-,Aman,,TRUE,,
2025-07-04 19:20:11,192.168.4.92,https://auth.wikimedia.org/loginwiki/wiki/Special:CentralAutoLogin/checkLoggedIn?,wikimedia,[SAFE] Aman,Aman,-,Aman,,TRUE,,
2025-07-04 19:21:31,192.168.4.92,https://m-kumparan-com.cdn.ampproject.org/v/s/m.kumparan.com/amp/sejarah-dan-sosial/asal-usul-selat-bali-dalam-perspektif-sejarah-dan-kebudayaan-241gbKzkFnq?,ampproject,[SAFE] Aman,Aman,-,Aman,,TRUE,,
2025-07-04 19:24:08,192.168.4.92,https://www.kompas.com/stori/read/2022/07/18/141000379/legenda-asal-usul-selat-bali,kompas,"[WARNING] Aman tapi mengandung konten negatif (pornografi, judi, kasar)",Aman,-,Mengandung konten negatif,"pornografi, judi, kasar",FALSE,,
2025-07-04 19:24:10,192.168.4.92,https://adsimg.kompas.com/html5/assets_ads/pushdown/images/backup-random-2023.html?,kompas,[SAFE] Aman,Aman,-,Aman,,TRUE,,
2025-07-04 19:24:11,192.168.4.92,https://widget.kompas.id/kompascom-related-article?,kompas,[SAFE] Aman,Aman,-,Aman,,TRUE,,
2025-07-04 19:24:13,192.168.4.92,https://www.kgnow.com/embed/1859061?,kgnow,[SAFE] Aman,Aman,-,Aman,,TRUE,,
2025-07-04 19:24:14,192.168.4.92,https://www.kgnow.com/embed/1859048?,kgnow,[SAFE] Aman,Aman,-,Aman,,TRUE,,
2025-07-04 19:24:15,192.168.4.92,https://apis.kgdata.dev/v1/ce?,kgdata,[SAFE] Aman,Aman,-,Aman,,TRUE,,
2025-07-04 19:24:16,192.168.4.92,https://kompascybermedia-d.openx.net/w/1.0/pd,openx,[SAFE] Aman,Aman,-,Aman,,TRUE,,
2025-07-04 19:24:17,192.168.4.92,https://accounts.google.com/gsi/button?,google,[SAFE] Aman,Aman,-,Aman,,TRUE,,
2025-07-04 19:24:17,192.168.4.92,https://adsimg.kompas.com/html5/vcbl/cisdi/20250617/Bekasi/01-Bekasi-320x100/index.html,kompas,[SAFE] Aman,Aman,-,Aman,,TRUE,,
2025-07-04 19:24:20,192.168.4.92,https://pbs.yahoo.com/setuid?,yahoo,[SAFE] Aman,Aman,-,Aman,,TRUE,,
2025-07-04 19:24:21,192.168.4.92,https://s.company-target.com/s/ix?,company-target,[SAFE] Aman,Aman,-,Aman,,TRUE,,
2025-07-04 19:24:22,192.168.4.92,https://www.google.com/measurement/conversion/?,google,[SAFE] Aman,Aman,-,Aman,,TRUE,,
2025-07-04 19:26:54,192.168.4.92,https://www.youtube.com/embed/7XSBaPDhg6Y?,youtube,[SAFE] Aman,Aman,-,Aman,,TRUE,,
2025-07-04 19:27:01,192.168.4.92,https://www.facebook.com/.well-known/attribution-reporting/debug/verbose,facebook,[SAFE] Aman,Aman,-,Aman,,TRUE,,
2025-07-04 19:27:02,192.168.4.92,https://namamia-com.cdn.ampproject.org/v/s/namamia.com/amp/arti-nama/kimut.html?,ampproject,[SAFE] Aman,Aman,-,Aman,,TRUE,,
2025-07-04 19:27:03,192.168.4.92,https://d-32176795323010003809.ampproject.net/2505300108000/nameframe.html,ampproject,[SAFE] Aman,Aman,-,Aman,,TRUE,,
2025-07-04 19:27:03,192.168.4.92,https://um.simpli.fi/gp_match?,simpli,[SAFE] Aman,Aman,-,Aman,,TRUE,,
2025-07-04 19:27:04,192.168.4.92,https://www.googleadservices.com/.well-known/attribution-reporting/debug/verbose,googleadservices,[SAFE] Aman,Aman,-,Aman,,TRUE,,
2025-07-04 19:27:46,192.168.4.92,https://surveyjs.io/published?,surveyjs,[SAFE] Aman,Aman,-,Aman,,TRUE,,
2025-07-04 19:28:04,192.168.4.92,https://s4.histats.com/stats/0.php?,histats,[SAFE] Aman,Aman,-,Aman,,TRUE,,
2025-07-04 19:28:05,192.168.4.92,https://google-bidout-d.openx.net/w/1.0/pd?,openx,[SAFE] Aman,Aman,-,Aman,,TRUE,,
2025-07-04 19:28:06,192.168.4.92,https://ipac.ctnsnet.com/int/cm?,ctnsnet,[SAFE] Aman,Aman,-,Aman,,TRUE,,
2025-07-04 19:28:07,192.168.4.92,https://image6.pubmatic.com/AdServer/UCookieSetPug?,pubmatic,[SAFE] Aman,Aman,-,Aman,,TRUE,,
2025-07-04 19:28:08,192.168.4.92,https://sync.targeting.unrulymedia.com/csync/RX-bce013bf-1522-413a-a84d-80b24fb8b957-004?,unrulymedia,[SAFE] Aman,Aman,-,Aman,,TRUE,,
2025-07-04 19:28:09,192.168.4.92,https://t.dtscout.com/idg/?,dtscout,[SAFE] Aman,Aman,-,Aman,,TRUE,,
2025-07-04 19:28:09,192.168.4.92,https://d-9783040112252913099.ampproject.net/2505300108000/nameframe.html,ampproject,[SAFE] Aman,Aman,-,Aman,,TRUE,,
2025-07-04 19:28:24,192.168.4.92,https://news-detik-com.cdn.ampproject.org/v/s/news.detik.com/internasional/d-7995861/israel-siapkan-rencana-untuk-pastikan-iran-tak-lagi-jadi-ancaman/amp?,ampproject,[SAFE] Aman,Aman,-,Aman,,TRUE,,
2025-07-04 19:29:00,-,http://secure.globalsign.com/cacert/gsgccr6alphasslca2023.crt,globalsign,[SAFE] Aman,Aman,-,Aman,,TRUE,,
2025-07-04 19:29:01,192.168.4.92,https://d-2000781876302163559.ampproject.net/2505300108000/frame.html,ampproject,[SAFE] Aman,Aman,-,Aman,,TRUE,,
2025-07-04 19:31:12,192.168.4.92,https://www.fimela.com/lifestyle/read/5465524/penyebab-kucing-buang-air-besar-sembarangan-yang-harus-diketahui,fimela,[WARNING] Aman tapi mengandung konten negatif (kasar),Aman,-,Mengandung konten negatif,kasar,FALSE,,
2025-07-04 19:31:13,192.168.4.92,https://www-detik-com.cdn.ampproject.org/v/s/www.detik.com/jogja/berita/d-7873078/kenapa-kucing-suka-berak-di-tempat-sama-secara-terus-menerus-ini-jawabannya/amp?,ampproject,[SAFE] Aman,Aman,-,Aman,,TRUE,,
2025-07-04 19:31:14,192.168.4.92,https://d-34217716843952036831.ampproject.net/2505300108000/frame.html,ampproject,[SAFE] Aman,Aman,-,Aman,,TRUE,,
2025-07-04 19:31:15,192.168.4.92,https://onetag-sys.com/usync/?,onetag-sys,[SAFE] Aman,Aman,-,Aman,,TRUE,,
2025-07-04 19:31:17,192.168.4.92,https://sync.richaudience.com/f7872c90c5d3791e2b51f7edce1a0a5d/?,richaudience,[SAFE] Aman,Aman,-,Aman,,TRUE,,
2025-07-04 19:31:18,192.168.4.92,https://live.primis.tech/live/liveCS.php?,primis,[SAFE] Aman,Aman,-,Aman,,TRUE,,
2025-07-04 19:31:19,192.168.4.92,https://sync.ipredictive.com/d/sync/cookie/generic?,ipredictive,[SAFE] Aman,Aman,-,Aman,,TRUE,,
2025-07-04 19:40:07,192.168.4.92,https://d-31492085442021123607.ampproject.net/2505300108000/frame.html,ampproject,[SAFE] Aman,Aman,-,Aman,,TRUE,,
2025-07-04 19:40:58,192.168.4.92,https://www.orami.co.id/magazine/bahasa-tubuh-kucing,orami,"[WARNING] Aman tapi mengandung konten negatif (pornografi, kasar)",Aman,-,Mengandung konten negatif,"pornografi, kasar",FALSE,,
2025-07-04 19:41:01,192.168.4.92,https://a.tribalfusion.com/i.match?,tribalfusion,[SAFE] Aman,Aman,-,Aman,,TRUE,,
2025-07-04 19:41:03,192.168.4.92,https://sync.teads.tv/um?,teads,[SAFE] Aman,Aman,-,Aman,,TRUE,,
2025-07-04 19:41:04,192.168.4.92,https://rt.gsspat.jp/lcs?,gsspat,[SAFE] Aman,Aman,-,Aman,,TRUE,,
2025-07-04 19:41:09,192.168.4.92,https://ds.uncn.jp/doubleclick/0/sync_push?,uncn,[SAFE] Aman,Aman,-,Aman,,TRUE,,
2025-07-04 19:41:12,192.168.4.92,https://tr-us.adsmoloco.com/pm?,adsmoloco,[SAFE] Aman,Aman,-,Aman,,TRUE,,
2025-07-04 19:41:12,192.168.4.92,https://s.tribalfusion.com/z/i.match?,tribalfusion,[SAFE] Aman,Aman,-,Aman,,TRUE,,
2025-07-04 19:41:23,192.168.4.92,https://um.simpli.fi/rb_match,simpli,[SAFE] Aman,Aman,-,Aman,,TRUE,,
2025-07-04 19:41:24,192.168.4.92,https://api.w.inmobi.com/openrtb/bidder/prebidjs,inmobi,[SAFE] Aman,Aman,-,Aman,,TRUE,,
2025-07-04 19:44:54,192.168.4.92,https://d-38686218633809196813.ampproject.net/2505300108000/frame.html,ampproject,[SAFE] Aman,Aman,-,Aman,,TRUE,,
2025-07-05 21:19:28,192.168.4.95,https://www.kompas.com/edu/read/2025/07/03/190200871/siswa-sekolah-favorit-tidak-lolos-jalur-ppkb-ui-ini-penjelasan-rektor,kompas,"[WARNING] Aman tapi mengandung konten negatif (pornografi, kasar)",Aman,-,Mengandung konten negatif,"pornografi, kasar",FALSE,,
2025-07-05 21:19:29,192.168.4.95,https://adsimg.kompas.com/html5/assets_ads/pushdown/images/backup-random-2023.html?,kompas,[SAFE] Aman,Aman,-,Aman,,TRUE,,
2025-07-05 21:19:40,192.168.4.95,https://widget.kompas.com/sociallive/cara-paling-realistis-agar-banyak-duit?,kompas,[SAFE] Aman,Aman,-,Aman,,TRUE,,
2025-07-05 21:19:40,192.168.4.95,https://video.kompas.com/video/ima/TenJFUUPU4M,kompas,[SAFE] Aman,Aman,-,Aman,,TRUE,,
2025-07-05 21:19:41,192.168.4.95,https://widget.kompas.id/kompascom-related-article?,kompas,[SAFE] Aman,Aman,-,Aman,,TRUE,,
2025-07-05 21:19:42,192.168.4.95,https://www.kgnow.com/embed/1859460?,kgnow,[SAFE] Aman,Aman,-,Aman,,TRUE,,
2025-07-05 21:19:43,192.168.4.95,https://www.kgnow.com/embed/1859461?,kgnow,[SAFE] Aman,Aman,-,Aman,,TRUE,,
2025-07-05 21:19:46,192.168.4.95,https://apis.kgdata.dev/v1/ce?,kgdata,[SAFE] Aman,Aman,-,Aman,,TRUE,,
2025-07-05 21:19:46,192.168.4.95,https://accounts.google.com/gsi/button?,google,[SAFE] Aman,Aman,-,Aman,,TRUE,,
2025-07-05 21:19:47,192.168.4.95,https://kompascybermedia-d.openx.net/w/1.0/pd,openx,[SAFE] Aman,Aman,-,Aman,,TRUE,,
2025-07-05 21:19:49,192.168.4.95,https://www.google.com/measurement/conversion/?,google,[SAFE] Aman,Aman,-,Aman,,TRUE,,
2025-07-05 21:19:52,192.168.4.95,https://pbs.yahoo.com/setuid?,yahoo,[SAFE] Aman,Aman,-,Aman,,TRUE,,
2025-07-05 21:19:53,192.168.4.95,https://t.co/1/i/adsct?,t,[SAFE] Aman,Aman,-,Aman,,TRUE,,
2025-07-05 21:20:08,192.168.4.95,https://widget.kompas.com/passback/mobile?,kompas,[SAFE] Aman,Aman,-,Aman,,TRUE,,
2025-07-05 21:20:08,192.168.4.95,https://www.youtube.com/embed/TenJFUUPU4M?,youtube,[SAFE] Aman,Aman,-,Aman,,TRUE,,
2025-07-05 21:20:09,192.168.4.95,https://live.primis.tech/live/liveCS.php?,primis,[SAFE] Aman,Aman,-,Aman,,TRUE,,
2025-07-05 21:20:10,192.168.4.95,https://sync.targeting.unrulymedia.com/csync/RX-29d29697-9ad2-4282-b1dc-e3e04c71dc30-004?,unrulymedia,[SAFE] Aman,Aman,-,Aman,,TRUE,,
2025-07-05 21:20:10,192.168.4.95,https://prebid.jixie.io/setuid?,jixie,[SAFE] Aman,Aman,-,Aman,,TRUE,,
2025-07-05 21:20:11,192.168.4.95,https://um.simpli.fi/triplelift,simpli,[SAFE] Aman,Aman,-,Aman,,TRUE,,
2025-07-05 21:20:13,192.168.4.95,https://sync.ipredictive.com/d/sync/cookie/generic?,ipredictive,[SAFE] Aman,Aman,-,Aman,,TRUE,,
2025-07-05 21:20:14,192.168.4.95,https://eu-u.openx.net/w/1.0/cm?,openx,[SAFE] Aman,Aman,-,Aman,,TRUE,,
2025-07-05 21:20:40,192.168.4.95,https://www-detik-com.cdn.ampproject.org/v/s/www.detik.com/edu/sekolah/d-7925674/ppdb-mtsn-jakarta-2025-syarat-cara-daftar-jadwal-dan-daftar-sekolahnya/amp?,ampproject,[SAFE] Aman,Aman,-,Aman,,TRUE,,
2025-07-05 21:21:09,192.168.4.95,https://amp-suara-com.cdn.ampproject.org/v/s/amp.suara.com/lifestyle/2021/10/20/114158/6-alasan-ilmiah-kenapa-kucing-lucu-dan-menggemaskan?,ampproject,[SAFE] Aman,Aman,-,Aman,,TRUE,,
2025-07-05 21:21:11,192.168.4.95,https://d-28925178403758766164.ampproject.net/2505300108000/nameframe.html,ampproject,[SAFE] Aman,Aman,-,Aman,,TRUE,,
2025-07-05 21:21:12,192.168.4.95,https://d-28925178403758766164.ampproject.net/2505300108000/frame.html,ampproject,[SAFE] Aman,Aman,-,Aman,,TRUE,,
2025-07-05 21:22:17,192.168.4.95,https://www-idntimes-com.cdn.ampproject.org/v/s/www.idntimes.com/hype/viral/apa-sebenarnya-arti-velocity-00-19lfc-r8c8zk/amp?,ampproject,[SAFE] Aman,Aman,-,Aman,,TRUE,,
2025-07-05 21:25:34,192.168.4.95,https://www.youtube.com/embed/?,youtube,[SAFE] Aman,Aman,-,Aman,,TRUE,,
2025-07-05 21:28:20,192.168.4.95,https://www.gramedia.com/literasi/penemu-matematika/?,gramedia,[SAFE] Aman,Aman,-,Aman,,TRUE,,
2025-07-05 21:28:21,192.168.4.95,https://www.youtube.com/embed/DD9z6-3gJ0Q?,youtube,[SAFE] Aman,Aman,-,Aman,,TRUE,,
2025-07-05 21:28:22,192.168.4.95,https://cdn.taboola.com/libtrc/tr5?,taboola,[SAFE] Aman,Aman,-,Aman,,TRUE,,
2025-07-05 21:28:23,192.168.4.95,https://mwzeom.zeotap.com/mw?,zeotap,[SAFE] Aman,Aman,-,Aman,,TRUE,,
2025-07-05 21:28:24,192.168.4.95,https://ups.analytics.yahoo.com/ups/58746/sync/?,yahoo,[SAFE] Aman,Aman,-,Aman,,TRUE,,
2025-07-05 21:28:25,192.168.4.95,https://cms.analytics.yahoo.com/cms?,yahoo,[SAFE] Aman,Aman,-,Aman,,TRUE,,
2025-07-05 21:28:39,192.168.4.95,https://ups.analytics.yahoo.com/ups/58679/cms?,yahoo,[SAFE] Aman,Aman,-,Aman,,TRUE,,
2025-07-05 21:28:41,192.168.4.95,https://sync.richaudience.com/f7872c90c5d3791e2b51f7edce1a0a5d/?,richaudience,[SAFE] Aman,Aman,-,Aman,,TRUE,,
2025-07-05 21:28:42,192.168.4.95,https://www-quipper-com.cdn.ampproject.org/v/s/www.quipper.com/id/blog/mapel/matematika/sejarah-dan-penemu-matematika/amp/?,ampproject,[SAFE] Aman,Aman,-,Aman,,TRUE,,
2025-07-05 21:29:01,192.168.4.95,https://id.m.wikipedia.org/wiki/Sejarah_matematika,wikipedia,[SAFE] Aman,Aman,-,Aman,,TRUE,,
2025-07-05 21:29:01,192.168.4.95,https://namamia-com.cdn.ampproject.org/v/s/namamia.com/amp/arti-nama/kimut.html?,ampproject,[SAFE] Aman,Aman,-,Aman,,TRUE,,
2025-07-05 21:29:02,192.168.4.95,https://d-6131896901529649715.ampproject.net/2505300108000/nameframe.html,ampproject,[SAFE] Aman,Aman,-,Aman,,TRUE,,
2025-07-05 21:29:03,192.168.4.95,https://d-35132145331012268392.ampproject.net/2505300108000/nameframe.html,ampproject,[SAFE] Aman,Aman,-,Aman,,TRUE,,
2025-07-05 21:29:28,192.168.4.95,https://www-ourindonesia-com.cdn.ampproject.org/v/s/www.ourindonesia.com/news/amp/85715250073/10-smp-terbaik-di-kota-bekasi-berdasarkan-nilai-un-dan-akreditasi-pilihan-utama-untuk-ppdb-2025?,ampproject,[SAFE] Aman,Aman,-,Aman,,TRUE,,
2025-07-05 21:29:35,192.168.4.95,https://cdn.izooto.com/scripts/sak/iz_setcid.html?,izooto,[SAFE] Aman,Aman,-,Aman,,TRUE,,
2025-07-05 21:29:37,192.168.4.95,https://www.bisnis.com/izooto.html?,bisnis,[SAFE] Aman,Aman,-,Aman,,TRUE,,
2025-07-05 21:29:38,192.168.4.95,https://www.google.com/recaptcha/api2/aframe,google,[SAFE] Aman,Aman,-,Aman,,TRUE,,
2025-07-05 21:29:39,192.168.4.95,https://image6.pubmatic.com/AdServer/UCookieSetPug?,pubmatic,[SAFE] Aman,Aman,-,Aman,,TRUE,,
2025-07-05 21:29:39,192.168.4.95,https://www.googleadservices.com/.well-known/attribution-reporting/debug/verbose,googleadservices,[SAFE] Aman,Aman,-,Aman,,TRUE,,
2025-07-05 21:29:42,192.168.4.95,https://s.ad.smaato.net/i/?,smaato,[SAFE] Aman,Aman,-,Aman,,TRUE,,
2025-07-05 21:29:43,192.168.4.95,https://adasia-d.openx.net/w/1.0/pd,openx,[SAFE] Aman,Aman,-,Aman,,TRUE,,
2025-07-05 21:30:28,192.168.4.95,https://sea1-sync.a-mo.net/isyn?,a-mo,[SAFE] Aman,Aman,-,Aman,,TRUE,,
2025-07-05 21:30:30,192.168.4.95,https://ds.uncn.jp/mg/0/sync_push,uncn,[SAFE] Aman,Aman,-,Aman,,TRUE,,
2025-07-05 21:30:31,192.168.4.95,https://ow.pubmatic.com/setuid?,pubmatic,[SAFE] Aman,Aman,-,Aman,,TRUE,,
2025-07-05 21:31:12,192.168.4.95,https://bobo.grid.id/read/083798721/5-daftar-smp-negeri-terbaik-di-bekasi-adakah-sekolah-pilihanmu?,grid,[WARNING] Aman tapi mengandung konten negatif (pornografi),Aman,-,Mengandung konten negatif,pornografi,FALSE,,
2025-07-05 21:31:14,192.168.4.95,https://platform.twitter.com/widgets/widget_iframe.2f70fb173b9000da126c79afe2098f02.html?,twitter,[SAFE] Aman,Aman,-,Aman,,TRUE,,
2025-07-05 21:31:21,192.168.4.95,https://m.facebook.com/plugins/comments.php?,facebook,[SAFE] Aman,Aman,-,Aman,,TRUE,,
2025-07-05 21:31:25,192.168.4.95,https://www.kgnow.com/embed/1668375?,kgnow,[SAFE] Aman,Aman,-,Aman,,TRUE,,
2025-07-05 21:31:41,192.168.4.95,https://www.kgnow.com/watch/1668375/kejutan-dari-negeri-dongeng-edisi-koleksi-oki-nirmala?,kgnow,"[WARNING] Aman tapi mengandung konten negatif (pornografi, kasar)",Aman,-,Mengandung konten negatif,"pornografi, kasar",FALSE,,
2025-07-05 21:31:42,192.168.4.95,https://widgets.outbrain.com/widgetOBUserSync/obUserSync.html,outbrain,[SAFE] Aman,Aman,-,Aman,,TRUE,,
2025-07-05 21:31:43,192.168.4.95,https://widgets.outbrain.com/nanoWidget/externals/cookie/put.html,outbrain,[SAFE] Aman,Aman,-,Aman,,TRUE,,
2025-07-05 21:31:44,192.168.4.95,https://widgets.outbrain.com/nanoWidget/externals/cookie/test.html,outbrain,[SAFE] Aman,Aman,-,Aman,,TRUE,,
2025-07-05 21:31:44,192.168.4.95,https://js-sec.indexww.com/um/ixmatch.html,indexww,[SAFE] Aman,Aman,-,Aman,,TRUE,,
2025-07-05 21:31:46,192.168.4.95,https://ups.analytics.yahoo.com/ups/58523/occ?,yahoo,[SAFE] Aman,Aman,-,Aman,,TRUE,,
2025-07-05 21:38:41,192.168.4.95,https://id-theasianparent-com.cdn.ampproject.org/v/s/id.theasianparent.com/sd-swasta-di-bekasi/amp?,ampproject,[SAFE] Aman,Aman,-,Aman,,TRUE,,
2025-07-05 21:38:42,192.168.4.95,https://d-1318322363212545048.ampproject.net/2505300108000/frame.html,ampproject,[SAFE] Aman,Aman,-,Aman,,TRUE,,
2025-07-05 21:39:11,192.168.4.95,https://usermatch.targeting.unrulymedia.com/usermatch/oath/y-sAnqZK9E2oX1Zmh5e9m7jh4nCzn903pMBYY5~A,unrulymedia,[SAFE] Aman,Aman,-,Aman,,TRUE,,
2025-07-05 21:39:18,192.168.4.95,https://ssp.wp.pl/v1/sync/smart/uid?,wp,[SAFE] Aman,Aman,-,Aman,,TRUE,,
2025-07-05 21:39:24,192.168.4.95,https://sync.resetdigital.co/csync?,resetdigital,[SAFE] Aman,Aman,-,Aman,,TRUE,,
2025-07-05 21:39:33,192.168.4.95,https://dmp.suntcontent.se/set-uuid?,suntcontent,[SAFE] Aman,Aman,-,Aman,,TRUE,,
2025-07-05 21:39:35,192.168.4.95,https://dmp.suntcontent.se/set-uuid/5975ae13617f1/e0160165-eb45-44d0-8b9f-1c3fb3a76c50/aHR0cHM6Ly9pYi5hZG54cy5jb20vcHJlYmlkL3NldHVpZD9iaWRkZXI9c3VudENvbnRlbnQmZ2Rwcj0mZ2Rwcl9jb25zZW50PSZncHA9JmdwcF9zaWQ9JmY9aSZ1aWQ9JFVJRA/0/0,suntcontent,[SAFE] Aman,Aman,-,Aman,,TRUE,,
2025-07-05 21:44:12,192.168.4.95,https://www-kapanlagi-com.cdn.ampproject.org/v/s/www.kapanlagi.com/amp/korea/hearts2hearts-cetak-rekor-album-debut-the-chase-terjual-lebih-dari-400-ribu-kopi-dalam-sepekan-dba14f692b.html?,ampproject,[SAFE] Aman,Aman,-,Aman,,TRUE,,
2025-07-06 14:52:28,192.168.4.10,https://gspe1-ssl.ls.apple.com/pep/gcc,apple,[SAFE] Aman,Aman,-,Aman,,TRUE,,
2025-07-06 14:55:35,192.168.4.10,https://ja.m.wikipedia.org/wiki/%E3%83%A9%E3%83%B4_(%E3%82%AD%E3%83%BC%E3%82%B7%E3%83%A3%E3%83%BB%E3%82%B3%E3%83%BC%E3%83%AB%E3%81%AE%E6%9B%B2),wikipedia,[SAFE] Aman,Aman,-,Aman,,TRUE,,
2025-07-06 14:55:37,192.168.4.10,https://ja.m.wikipedia.org/wiki/Special:CentralAutoLogin/start?,wikipedia,[SAFE] Aman,Aman,-,Aman,,TRUE,,
2025-07-06 14:55:39,192.168.4.10,https://auth.wikimedia.org/loginwiki/wiki/Special:CentralAutoLogin/checkLoggedIn?,wikimedia,[SAFE] Aman,Aman,-,Aman,,TRUE,,
2025-07-06 15:00:39,192.168.4.10,https://www.traveloka.com/id-id?,traveloka,"[WARNING] Aman tapi mengandung konten negatif (judi, kasar)",Aman,-,Mengandung konten negatif,"judi, kasar",FALSE,,
2025-07-06 15:00:39,192.168.4.10,https://www.youtube.com/embed?,youtube,[SAFE] Aman,Aman,-,Aman,,TRUE,,
2025-07-06 15:00:40,192.168.4.10,https://www.youtube.com/embed/voqxd03dZQqmKfp2,youtube,[SAFE] Aman,Aman,-,Aman,,TRUE,,
2025-07-06 15:00:43,192.168.4.10,https://jetpack.wordpress.com/jetpack-comment/?,wordpress,[SAFE] Aman,Aman,-,Aman,,TRUE,,
2025-07-06 15:00:43,192.168.4.10,https://widgets.wp.com/likes/master.html?,wp,[SAFE] Aman,Aman,-,Aman,,TRUE,,
2025-07-06 15:00:44,192.168.4.10,https://public-api.wordpress.com/wp-admin/rest-proxy/,wordpress,[SAFE] Aman,Aman,-,Aman,,TRUE,,
2025-07-06 15:00:45,192.168.4.10,https://widgets.wp.com/likes/?,wp,[SAFE] Aman,Aman,-,Aman,,TRUE,,
2025-07-06 15:12:02,192.168.4.10,https://gspe1-ssl.ls.apple.com/pep/gcc,apple,[SAFE] Aman,Aman,-,Aman,,TRUE,,
2025-07-06 15:14:22,192.168.4.10,https://sport.detik.com/sepakbola/liga-inggris/d-7997867/ruben-neves-antar-jota-ke-tempat-istirahat-terakhirnya/amp,detik,[WARNING] Aman tapi mengandung konten negatif (kasar),Aman,-,Mengandung konten negatif,kasar,FALSE,,
2025-07-06 15:14:24,192.168.4.10,https://d-6339348393744803435.ampproject.net/2505300108000/frame.html,ampproject,[SAFE] Aman,Aman,-,Aman,,TRUE,,
2025-07-06 15:14:25,192.168.4.10,https://www.reddit.com/,reddit,[DANGER] Berbahaya (domain diblokir - Website Diblokir Kominfo),Berbahaya,Website Diblokir Kominfo,Aman,,FALSE,,
2025-07-06 15:17:07,192.168.4.10,https://archive.org/,archive,[DANGER] Berbahaya (domain diblokir - Website Diblokir Kominfo),Berbahaya,Website Diblokir Kominfo,Aman,,FALSE,,
2025-07-06 15:17:21,192.168.4.10,https://archive.org/services/img/librivoxaudio,archive,[DANGER] Berbahaya (domain diblokir - Website Diblokir Kominfo),Berbahaya,Website Diblokir Kominfo,Aman,,FALSE,,
2025-07-06 15:18:00,192.168.4.10,https://archive.org/services/img/phonesoftware,archive,[DANGER] Berbahaya (domain diblokir - Website Diblokir Kominfo),Berbahaya,Website Diblokir Kominfo,Mengandung konten negatif,kasar,FALSE,,
2025-07-06 15:18:24,192.168.4.10,https://archive.org/services/img/audio_bookspoetry,archive,[DANGER] Berbahaya (domain diblokir - Website Diblokir Kominfo),Berbahaya,Website Diblokir Kominfo,Aman,,FALSE,,
2025-07-06 15:19:02,192.168.4.10,https://archive.org/services/img/folksoundomy,archive,[DANGER] Berbahaya (domain diblokir - Website Diblokir Kominfo),Berbahaya,Website Diblokir Kominfo,Aman,,FALSE,,
2025-07-06 15:19:24,192.168.4.10,https://archive.org/services/img/etree,archive,[DANGER] Berbahaya (domain diblokir - Website Diblokir Kominfo),Berbahaya,Website Diblokir Kominfo,Aman,,FALSE,,
2025-07-06 15:19:54,192.168.4.10,https://archive.org/services/img/apkarchive,archive,[DANGER] Berbahaya (domain diblokir - Website Diblokir Kominfo),Berbahaya,Website Diblokir Kominfo,Aman,,FALSE,,
2025-07-06 15:20:32,192.168.4.10,https://archive.org/services/img/artsandmusicvideos,archive,[DANGER] Berbahaya (domain diblokir - Website Diblokir Kominfo),Berbahaya,Website Diblokir Kominfo,Mengandung konten negatif,kasar,FALSE,,
2025-07-06 15:23:56,192.168.4.10,https://www.omegle.fun/,omegle,[DANGER] Berbahaya (domain diblokir - Website Diblokir Kominfo),Berbahaya,Website Diblokir Kominfo,Aman,,FALSE,,
2025-07-06 15:23:57,192.168.4.10,https://omegle-91732.firebaseapp.com/__/auth/iframe?,firebaseapp,[SAFE] Aman,Aman,-,Aman,,TRUE,,
2025-07-06 15:24:02,192.168.4.10,https://turing.captcha.gtimg.com/1/template/drag_ele.html,gtimg,[SAFE] Aman,Aman,-,Aman,,TRUE,,
2025-07-06 15:24:24,192.168.4.10,https://www.tumblr.com/,tumblr,[DANGER] Berbahaya (domain diblokir - Website Diblokir Kominfo),Berbahaya,Website Diblokir Kominfo,Aman,,FALSE,,
2025-07-06 15:24:42,192.168.4.10,https://en.m.wikipedia.org/wiki/8chan,wikipedia,[SAFE] Aman,Aman,-,Aman,,TRUE,,
2025-07-06 15:24:43,192.168.4.10,https://en.m.wikipedia.org/wiki/Special:CentralAutoLogin/start?,wikipedia,[SAFE] Aman,Aman,-,Aman,,TRUE,,
2025-07-06 15:24:50,192.168.4.10,https://stake.com/,stake,[DANGER] Berbahaya (domain diblokir - Website Diblokir Kominfo),Berbahaya,Website Diblokir Kominfo,Mengandung konten negatif,judi,FALSE,,
2025-07-06 15:24:51,192.168.4.10,https://stake.com/_api/websockets,stake,[DANGER] Berbahaya (domain diblokir - Website Diblokir Kominfo),Berbahaya,Website Diblokir Kominfo,Mengandung konten negatif,judi,FALSE,,
2025-07-06 15:25:19,192.168.4.10,https://www.bet365.ee/,bet365,[DANGER] Berbahaya (domain diblokir - Website Diblokir Kominfo),Berbahaya,Website Diblokir Kominfo,Aman,,FALSE,,
2025-07-06 15:25:21,192.168.4.10,https://www.bet365.bet.br/,bet,[DANGER] Berbahaya (domain diblokir - Website Diblokir Kominfo),Berbahaya,Website Diblokir Kominfo,Mengandung konten negatif,judi,FALSE,,
2025-07-06 15:25:23,192.168.4.10,https://www.bet365.com.cy/,com,[DANGER] Berbahaya (domain diblokir - Website Diblokir Kominfo),Berbahaya,Website Diblokir Kominfo,Aman,,FALSE,,
2025-07-06 15:25:24,192.168.4.10,https://www.williamhill.com/,williamhill,[DANGER] Berbahaya (domain diblokir - Judi Online),Berbahaya,Judi Online,Aman,,FALSE,,
2025-07-06 15:25:25,192.168.4.10,https://a15304250335.cdn-pci.optimizely.com/client_storage/a15304250335.html,optimizely,[SAFE] Aman,Aman,-,Aman,,TRUE,,
2025-07-06 15:25:31,192.168.4.10,https://sports.ladbrokes.com/,ladbrokes,[DANGER] Berbahaya (domain diblokir - Judi Online),Berbahaya,Judi Online,Aman,,FALSE,,
2025-07-06 15:25:33,192.168.4.10,https://sports.ladbrokes.com/sport/football,ladbrokes,[DANGER] Berbahaya (domain diblokir - Judi Online),Berbahaya,Judi Online,Aman,,FALSE,,
2025-07-06 15:25:34,192.168.4.10,https://zyngapoker.com/,zyngapoker,[DANGER] Berbahaya (domain diblokir - Judi Online),Berbahaya,Judi Online,Aman,,FALSE,,
2025-07-06 15:25:49,192.168.4.10,https://m.betking.com/,betking,[DANGER] Berbahaya (domain diblokir - Website Diblokir Kominfo),Berbahaya,Website Diblokir Kominfo,Aman,,FALSE,,
2025-07-06 15:26:55,192.168.4.10,https://www.sportybet.com/ng/m,sportybet,[DANGER] Berbahaya (domain diblokir - Judi Online),Berbahaya,Judi Online,Aman,,FALSE,,
2025-07-06 15:26:58,192.168.4.10,https://www.sportybet.com/ng/m/,sportybet,[DANGER] Berbahaya (domain diblokir - Judi Online),Berbahaya,Judi Online,Aman,,FALSE,,
2025-07-06 15:27:14,192.168.4.10,https://faro-sportybet.sportydog.net/collect,sportydog,[SAFE] Aman,Aman,-,Aman,,TRUE,,
2025-07-06 15:27:19,192.168.4.10,https://gamdom.com/,gamdom,[DANGER] Berbahaya (domain diblokir - Judi Online),Berbahaya,Judi Online,Aman,,FALSE,,
2025-07-06 15:27:22,192.168.4.10,https://gamdom.com/socket.io/?,gamdom,[DANGER] Berbahaya (domain diblokir - Judi Online),Berbahaya,Judi Online,Aman,,FALSE,,
2025-07-06 15:27:29,192.168.4.10,https://oauth.telegram.org/embed/GamdomAuthBot?,telegram,[SAFE] Aman,Aman,-,Aman,,TRUE,,
2025-07-06 15:27:52,192.168.4.10,https://lu88.com/,lu88,[DANGER] Berbahaya (domain diblokir - Website Diblokir Kominfo),Berbahaya,Website Diblokir Kominfo,Aman,,FALSE,,
2025-07-06 15:28:23,192.168.4.10,https://www.betano.co.uk/,betano,[DANGER] Berbahaya (domain diblokir - Website Diblokir Kominfo),Berbahaya,Website Diblokir Kominfo,Aman,,FALSE,,
2025-07-06 15:29:08,192.168.4.10,https://net88.co/,net88,[DANGER] Berbahaya (domain diblokir - Website Diblokir Kominfo),Berbahaya,Website Diblokir Kominfo,Mengandung konten negatif,pornografi,FALSE,,
2025-07-06 15:29:10,192.168.4.10,https://net88.co/wp-content/plugins/litespeed-cache/guest.vary.php,net88,[DANGER] Berbahaya (domain diblokir - Website Diblokir Kominfo),Berbahaya,Website Diblokir Kominfo,Aman,,FALSE,,
2025-07-06 16:11:43,192.168.4.95,https://m.detik.com/,detik,"[WARNING] Aman tapi mengandung konten negatif (pornografi, kasar)",Aman,-,Mengandung konten negatif,"pornografi, kasar",FALSE,,
2025-07-06 16:14:24,192.168.4.95,https://www.google.com/gen_204?,google,[SAFE] Aman,Aman,-,Aman,,TRUE,,
2025-07-06 16:14:30,192.168.4.95,https://www.google.com/search?,google,[SAFE] Aman,Aman,-,Aman,,TRUE,,
2025-07-06 16:14:31,192.168.4.95,https://www.google.com/client_204?,google,[SAFE] Aman,Aman,-,Aman,,TRUE,,
2025-07-06 16:17:05,192.168.4.95,https://d-4476160422491895055.ampproject.net/2505300108000/nameframe.html,ampproject,[SAFE] Aman,Aman,-,Aman,,TRUE,,
2025-07-06 16:17:17,192.168.4.10,https://gspe1-ssl.ls.apple.com/pep/gcc,apple,[SAFE] Aman,Aman,-,Aman,,TRUE,,
2025-07-06 16:19:25,192.168.4.10,https://www.bola.net/amp/inggris/noni-madueke-sepakat-gabung-arsenal-tinggal-tunggu-negosiasi-klub-c13b4c.html,bola,[SAFE] Aman,Aman,-,Aman,,TRUE,,
2025-07-06 16:19:27,192.168.4.10,https://a.bola.net/widget/klasemen/index.php?,bola,[SAFE] Aman,Aman,-,Aman,,TRUE,,
2025-07-06 16:19:29,192.168.4.95,https://www.google.com/adview?,google,[SAFE] Aman,Aman,-,Aman,,TRUE,,
2025-07-06 16:19:53,192.168.4.95,https://www-sonora-id.cdn.ampproject.org/v/s/www.sonora.id/amp/424263545/lirik-lagu-style-hearts2hearts-lengkap-dengan-terjemahannya?,ampproject,[SAFE] Aman,Aman,-,Aman,,TRUE,,
2025-07-06 16:20:02,192.168.4.95,https://d-62990078761685674.ampproject.net/2505300108000/frame.html,ampproject,[SAFE] Aman,Aman,-,Aman,,TRUE,,
2025-07-06 16:20:03,192.168.4.95,https://account.sonora.id/otif,sonora,[SAFE] Aman,Aman,-,Aman,,TRUE,,
2025-07-06 16:21:23,192.168.4.95,https://www.google.com/velog/onb?,google,[SAFE] Aman,Aman,-,Aman,,TRUE,,
2025-07-06 16:24:10,192.168.4.95,https://www.cnnindonesia.com/teknologi/20250705112823-199-1247177/rotasi-bumi-lebih-cepat-hingga-agustus-2025-ini-dampaknya,cnnindonesia,[WARNING] Aman tapi mengandung konten negatif (kasar),Aman,-,Mengandung konten negatif,kasar,FALSE,,
2025-07-06 16:24:11,192.168.4.95,https://connect.detik.com/token/me.html?,detik,[SAFE] Aman,Aman,-,Aman,,TRUE,,
2025-07-06 16:24:12,192.168.4.95,https://www.cnnindonesia.com/embed/video/1246585?,cnnindonesia,[SAFE] Aman,Aman,-,Aman,,TRUE,,
2025-07-06 16:24:14,192.168.4.95,https://sync.richaudience.com/f7872c90c5d3791e2b51f7edce1a0a5d/?,richaudience,[SAFE] Aman,Aman,-,Aman,,TRUE,,
2025-07-06 16:24:17,192.168.4.95,https://rtb.adxpremium.services/openrtb2/auction,adxpremium,[SAFE] Aman,Aman,-,Aman,,TRUE,,
2025-07-06 16:24:17,192.168.4.95,https://detik-d.openx.net/w/1.0/pd,openx,[SAFE] Aman,Aman,-,Aman,,TRUE,,
2025-07-06 16:24:19,192.168.4.95,https://sync.richaudience.com/dcf3528a0b8aa83634892d50e91c306e/?,richaudience,[SAFE] Aman,Aman,-,Aman,,TRUE,,
2025-07-06 16:24:20,192.168.4.95,https://us-u.openx.net/w/1.0/cm?,openx,[SAFE] Aman,Aman,-,Aman,,TRUE,,
2025-07-06 16:24:21,192.168.4.95,https://optad360-d.openx.net/w/1.0/pd?,openx,[SAFE] Aman,Aman,-,Aman,,TRUE,,
2025-07-06 16:25:09,192.168.4.95,https://sea1-sync.a-mo.net/isyn?,a-mo,[SAFE] Aman,Aman,-,Aman,,TRUE,,
2025-07-06 16:25:10,192.168.4.95,https://onetag-sys.com/usync/?,onetag-sys,[SAFE] Aman,Aman,-,Aman,,TRUE,,
2025-07-06 16:25:15,192.168.4.95,https://sync.a-mo.net/cchain?,a-mo,[SAFE] Aman,Aman,-,Aman,,TRUE,,
2025-07-06 16:25:17,192.168.4.95,https://eu-u.openx.net/w/1.0/cm?,openx,[SAFE] Aman,Aman,-,Aman,,TRUE,,
2025-07-06 16:25:18,192.168.4.95,https://sync.ipredictive.com/d/sync/cookie/generic?,ipredictive,[SAFE] Aman,Aman,-,Aman,,TRUE,,
2025-07-06 16:25:19,192.168.4.95,https://ds.uncn.jp/mg/0/sync_push,uncn,[SAFE] Aman,Aman,-,Aman,,TRUE,,
2025-07-06 16:25:20,192.168.4.95,https://www.google.com/recaptcha/api2/aframe,google,[SAFE] Aman,Aman,-,Aman,,TRUE,,
2025-07-06 16:25:23,192.168.4.95,https://ads.betweendigital.com/match?,betweendigital,[SAFE] Aman,Aman,-,Aman,,TRUE,,
2025-07-06 16:25:28,192.168.4.95,https://prebid.a-mo.net/cchain/0?,a-mo,[SAFE] Aman,Aman,-,Aman,,TRUE,,
2025-07-06 16:25:29,192.168.4.95,https://share.globalwarm.io/?,globalwarm,[SAFE] Aman,Aman,-,Aman,,TRUE,,
2025-07-06 16:25:32,192.168.4.95,https://ow.pubmatic.com/setuid?,pubmatic,[SAFE] Aman,Aman,-,Aman,,TRUE,,
2025-07-06 16:25:33,192.168.4.95,https://signal-snacks.gliastudios.com/gc-rtf-server.html,gliastudios,[SAFE] Aman,Aman,-,Aman,,TRUE,,
2025-07-06 16:25:34,192.168.4.95,https://www.googleadservices.com/.well-known/attribution-reporting/debug/verbose,googleadservices,[SAFE] Aman,Aman,-,Aman,,TRUE,,
2025-07-06 16:25:34,192.168.4.95,https://ads.adelement.com/www/delivery_dev/afr.php?,adelement,[SAFE] Aman,Aman,-,Aman,,TRUE,,
2025-07-06 16:25:42,192.168.4.95,https://lapakakungacor.com/,lapakakungacor,"[WARNING] Aman tapi mengandung konten negatif (pornografi, judi)",Aman,-,Mengandung konten negatif,"pornografi, judi",FALSE,,
2025-07-06 16:27:56,192.168.4.95,https://www.kompas.com/tren/read/2023/05/02/161500165/benarkah-kucing-bisa-melihat-hantu-berikut-penjelasannya?,kompas,[WARNING] Aman tapi mengandung konten negatif (kasar),Aman,-,Mengandung konten negatif,kasar,FALSE,,
2025-07-06 16:28:04,192.168.4.95,https://widget.kompas.com/sociallive/gue-yakin-lo-juga-gak-bisa-nebak-clue-nya-kerja-di-air?,kompas,[SAFE] Aman,Aman,-,Aman,,TRUE,,
2025-07-06 16:28:05,192.168.4.95,https://video.kompas.com/video/ima/Ohcii-FVH-g,kompas,[SAFE] Aman,Aman,-,Aman,,TRUE,,
2025-07-06 16:28:06,192.168.4.95,https://widget.kompas.id/kompascom-related-article?,kompas,[SAFE] Aman,Aman,-,Aman,,TRUE,,
2025-07-06 16:28:12,192.168.4.95,https://google.com/.well-known/web-identity,google,[SAFE] Aman,Aman,-,Aman,,TRUE,,
2025-07-06 16:28:14,192.168.4.95,https://www.kgnow.com/embed/1859367?,kgnow,[SAFE] Aman,Aman,-,Aman,,TRUE,,
2025-07-06 16:28:14,192.168.4.95,https://www.kgnow.com/embed/1859413?,kgnow,[SAFE] Aman,Aman,-,Aman,,TRUE,,
2025-07-06 16:28:15,192.168.4.95,https://u.openx.net/w/1.0/pd?,openx,[SAFE] Aman,Aman,-,Aman,,TRUE,,
2025-07-06 16:28:16,192.168.4.95,https://js-sec.indexww.com/um/ixmatch.html,indexww,[SAFE] Aman,Aman,-,Aman,,TRUE,,
2025-07-06 16:28:17,192.168.4.95,https://accounts.google.com/gsi/button?,google,[SAFE] Aman,Aman,-,Aman,,TRUE,,
2025-07-06 16:28:17,192.168.4.95,https://s.company-target.com/s/tlx?,company-target,[SAFE] Aman,Aman,-,Aman,,TRUE,,
2025-07-06 16:28:19,192.168.4.95,https://sync.resetdigital.co/csync?,resetdigital,[SAFE] Aman,Aman,-,Aman,,TRUE,,
2025-07-06 16:28:23,192.168.4.95,https://a.tribalfusion.com/i.match?,tribalfusion,[SAFE] Aman,Aman,-,Aman,,TRUE,,
2025-07-06 16:28:34,192.168.4.95,https://widget.kompas.com/passback/mobile?,kompas,[SAFE] Aman,Aman,-,Aman,,TRUE,,
2025-07-06 16:28:36,192.168.4.95,https://t.co/1/i/adsct?,t,[SAFE] Aman,Aman,-,Aman,,TRUE,,
2025-07-06 16:28:36,192.168.4.95,https://www.youtube.com/embed/Ohcii-FVH-g?,youtube,[SAFE] Aman,Aman,-,Aman,,TRUE,,
2025-07-06 16:30:38,192.168.4.95,https://d-32650832251166067099.ampproject.net/2505300108000/frame.html,ampproject,[SAFE] Aman,Aman,-,Aman,,TRUE,,
2025-07-06 16:31:28,192.168.4.95,https://www-merdeka-com.cdn.ampproject.org/v/s/www.merdeka.com/amp/jatim/bagaimana-cara-masuk-surga-ini-amalan-dalam-islam-yang-wajib-dilakukan-163511-mvk.html?,ampproject,[SAFE] Aman,Aman,-,Aman,,TRUE,,
2025-07-06 16:33:22,192.168.4.95,https://d-2826427784323780086.ampproject.net/2505300108000/frame.html,ampproject,[SAFE] Aman,Aman,-,Aman,,TRUE,,
2025-07-06 16:34:31,192.168.4.95,https://audition.smtown.com/apply?,smtown,[SAFE] Aman,Aman,-,Aman,,TRUE,,
2025-07-06 16:34:35,192.168.4.95,https://audition.smtown.com/popup?,smtown,[SAFE] Aman,Aman,-,Aman,,TRUE,,
2025-07-06 16:42:31,192.168.4.95,https://data--sekolah-zekolah-id.cdn.ampproject.org/v/s/data-sekolah.zekolah.id/sekolah/sdit-darul-hikam-60158?,ampproject,[SAFE] Aman,Aman,-,Aman,,TRUE,,
2025-07-06 16:45:44,192.168.4.95,https://www.detik.com/edu/sekolah/d-7990801/10-sma-terbaik-di-jakarta-timur-bisa-untuk-referensi-daftar-sekolah,detik,[SAFE] Aman,Aman,-,Aman,,TRUE,,
2025-07-06 16:45:46,192.168.4.95,https://20.detik.com/embed/250413096?,detik,[SAFE] Aman,Aman,-,Aman,,TRUE,,
2025-07-06 16:45:50,192.168.4.95,https://form.typeform.com/to/gfyD4g6L?,typeform,[SAFE] Aman,Aman,-,Aman,,TRUE,,
2025-07-06 16:45:50,192.168.4.95,https://image6.pubmatic.com/AdServer/UCookieSetPug?,pubmatic,[SAFE] Aman,Aman,-,Aman,,TRUE,,
2025-07-06 16:46:16,192.168.4.95,https://www.kompas.com/tren/read/2025/07/05/173000465/kakek-82-tahun-asal-china-wariskan-apartemen-dan-tabungan-bagi-pengasuh?,kompas,[WARNING] Aman tapi mengandung konten negatif (kasar),Aman,-,Mengandung konten negatif,kasar,FALSE,,
2025-07-06 16:46:16,192.168.4.95,https://video.kompas.com/video/ima/x3VheQCF6Ro?,kompas,[SAFE] Aman,Aman,-,Aman,,TRUE,,
2025-07-06 16:48:00,192.168.4.95,https://www.bloombergtechnoz.com/detail-news/76269/kembalinya-blackpink-bawa-harapan-baru-untuk-yg-entertainment,bloombergtechnoz,[WARNING] Aman tapi mengandung konten negatif (kasar),Aman,-,Mengandung konten negatif,kasar,FALSE,,
2025-07-06 16:48:05,192.168.4.95,https://www-cnnindonesia-com.cdn.ampproject.org/v/s/www.cnnindonesia.com/hiburan/20250616105531-227-1240112/5-hari-dijual-tiket-konser-blackpink-jakarta-masih-banyak-tersedia/amp?,ampproject,[SAFE] Aman,Aman,-,Aman,,TRUE,,